ADA,BTC,ETH
ADX,BNB,BTC
ADX,BNB,ETH
ADX,BTC,ETH
AION,BNB,BTC
AION,BNB,ETH
AION,BTC,ETH
AMB,BNB,BTC
AMB,BNB,ETH
AMB,BTC,ETH
APPC,BNB,BTC
APPC,BNB,ETH
APPC,BTC,ETH
ARK,BTC,ETH
ARN,BTC,ETH
AST,BTC,ETH
BAT,BNB,BTC
BAT,BNB,ETH
BAT,BTC,ETH
BCC,BNB,BTC
BCC,BNB,ETH
BCC,BNB,USDT
BCC,BTC,ETH
BCC,BTC,USDT
BCC,ETH,USDT
BCD,BTC,ETH
BCPT,BNB,BTC
BCPT,BNB,ETH
BCPT,BTC,ETH
BNB,BRD,BTC
BNB,BRD,ETH
BNB,BTC,BTS
BNB,BTC,CMT
BNB,BTC,CND
BNB,BTC,DLT
BNB,BTC,ETH
BNB,BTC,GTO
BNB,BTC,ICX
BNB,BTC,IOTA
BNB,BTC,LSK
BNB,BTC,LTC
BNB,BTC,MCO
BNB,BTC,NAV
BNB,BTC,NEBL
BNB,BTC,NEO
BNB,BTC,NULS
BNB,BTC,OST
BNB,BTC,POWR
BNB,BTC,QSP
BNB,BTC,RCN
BNB,BTC,RDN
BNB,BTC,RLC
BNB,BTC,TRIG
BNB,BTC,USDT
BNB,BTC,VEN
BNB,BTC,WABI
BNB,BTC,WAVES
BNB,BTC,WTC
BNB,BTC,XLM
BNB,BTC,XZC
BNB,BTC,YOYO
BNB,BTS,ETH
BNB,CMT,ETH
BNB,CND,ETH
BNB,DLT,ETH
BNB,ETH,GTO
BNB,ETH,ICX
BNB,ETH,IOTA
BNB,ETH,LSK
BNB,ETH,LTC
BNB,ETH,MCO
BNB,ETH,NAV
BNB,ETH,NEBL
BNB,ETH,NEO
BNB,ETH,NULS
BNB,ETH,OST
BNB,ETH,POWR
BNB,ETH,QSP
BNB,ETH,RCN
BNB,ETH,RDN
BNB,ETH,RLC
BNB,ETH,TRIG
BNB,ETH,USDT
BNB,ETH,VEN
BNB,ETH,WABI
BNB,ETH,WAVES
BNB,ETH,WTC
BNB,ETH,XLM
BNB,ETH,XZC
BNB,ETH,YOYO
BNB,LTC,USDT
BNB,NEO,USDT
BNT,BTC,ETH
BQX,BTC,ETH
BRD,BTC,ETH
BTC,BTG,ETH
BTC,BTS,ETH
BTC,CDT,ETH
BTC,CMT,ETH
BTC,CND,ETH
BTC,CTR,ETH
BTC,DASH,ETH
BTC,DGD,ETH
BTC,DLT,ETH
BTC,DNT,ETH
BTC,EDO,ETH
BTC,ELF,ETH
BTC,ENG,ETH
BTC,ENJ,ETH
BTC,EOS,ETH
BTC,ETC,ETH
BTC,ETH,EVX
BTC,ETH,FUEL
BTC,ETH,FUN
BTC,ETH,GTO
BTC,ETH,GVT
BTC,ETH,GXS
BTC,ETH,HSR
BTC,ETH,ICN
BTC,ETH,ICX
BTC,ETH,IOTA
BTC,ETH,KMD
BTC,ETH,KNC
BTC,ETH,LEND
BTC,ETH,LINK
BTC,ETH,LRC
BTC,ETH,LSK
BTC,ETH,LTC
BTC,ETH,LUN
BTC,ETH,MANA
BTC,ETH,MCO
BTC,ETH,MDA
BTC,ETH,MOD
BTC,ETH,MTH
BTC,ETH,MTL
BTC,ETH,NAV
BTC,ETH,NEBL
BTC,ETH,NEO
BTC,ETH,NULS
BTC,ETH,OAX
BTC,ETH,OMG
BTC,ETH,OST
BTC,ETH,POE
BTC,ETH,POWR
BTC,ETH,PPT
BTC,ETH,QSP
BTC,ETH,QTUM
BTC,ETH,RCN
BTC,ETH,RDN
BTC,ETH,REQ
BTC,ETH,RLC
BTC,ETH,SALT
BTC,ETH,SNGLS
BTC,ETH,SNM
BTC,ETH,SNT
BTC,ETH,STORJ
BTC,ETH,STRAT
BTC,ETH,SUB
BTC,ETH,TNB
BTC,ETH,TNT
BTC,ETH,TRIG
BTC,ETH,TRX
BTC,ETH,USDT
BTC,ETH,VEN
BTC,ETH,VIB
BTC,ETH,VIBE
BTC,ETH,WABI
BTC,ETH,WAVES
BTC,ETH,WINGS
BTC,ETH,WTC
BTC,ETH,XLM
BTC,ETH,XMR
BTC,ETH,XRP
BTC,ETH,XVG
BTC,ETH,XZC
BTC,ETH,YOYO
BTC,ETH,ZEC
BTC,ETH,ZRX
BTC,LTC,USDT
BTC,NEO,USDT
ETH,LTC,USDT
ETH,NEO,USDT
